{"h_87": 7.843993060176061, "h_88": 1.2385517450256245, "h_90": 13.162665078492218, "h_91": 20.98499562942339, "h_92": 16.926570805862283, "h_93": 25.854839348430954, "h_94": 31.525385536141467, "h_95": 8.171045479005258, "h_96": 5.696149497733152, "h_98": 7.132579796991897, "h_100": 19.45705969289681, "h_101": 0.5783002111423619, "h_102": 2.838916741853625, "h_103": 1.0654681708765361, "h_105": 0.19654592232105816, "h_107": 8.840227812346452, "h_108": 9.109165115426501, "h_109": 0.4158149011680103, "h_110": 6.459595765580753, "h_111": 0.20707423531850797, "h_113": 3.8384876298994075, "h_115": 4.324462329129243, "h_116": 0.02045855110565087, "h_119": 2.120309154587871, "h_120": 2.382250178374071, "h_121": 0.8210651126467985, "h_122": 4.511544991369459, "h_123": 7.9602138896698795, "h_124": 0.36519833670961555, "h_125": 5.510602026597429, "h_126": 6.342653758059383, "h_127": 9.10085006710009, "h_128": 0.7288961506574148, "h_129": 0.5396720685501408, "h_130": 18.11954442199326, "h_131": 18.385563620058722, "h_133": 7.098834774957448, "h_134": 3.3266041971918376, "h_135": 0.43559108069899855, "h_136": 8.307655546555084, "h_137": 4.405634731996849, "h_138": 11.462990480597975, "h_139": 1.3794601676519083, "h_140": 0.10963254202182611, "h_141": 5.022909698974122, "h_143": 3.693645907552368, "h_144": 6.017407414116483, "h_145": 10.965677714049239, "h_146": 0.11363714281139821, "h_147": 3.463815888302454, "h_148": 3.454151456514619, "h_149": 1.3534868468710575, "h_150": 0.8422327908956665, "h_151": 0.9800429072906901, "h_152": 1.8786913817942574, "h_153": 1.6595200055009414, "h_154": 0.3716592229189247, "h_155": 0.15842070899825908, "h_156": 0.572417008988202, "h_157": 0.3565112871846369, "h_158": 0.6187585385740727, "h_159": 0.1992471429816089, "h_160": 0.4280780846447885, "h_161": 0.8307041992228058, "h_162": 0.7158642974201197}